true,pred,prob
1,1,0.7942724
1,1,0.99168056
1,1,0.9481915
0,0,0.0007195765
1,1,0.9278625
1,1,0.943501
1,1,0.89795655
1,1,0.9801695
0,0,6.508226e-06
1,0,0.31256586
1,1,0.9912546
1,1,0.84619826
0,1,0.630524
1,1,0.6885451
1,0,0.39929396
1,1,0.98102623
1,1,0.80720174
0,0,0.00011425261
0,0,6.955315e-05
0,0,3.112144e-05
1,1,0.91656625
1,1,0.8684479
1,1,0.56034774
1,1,0.9744159
1,1,0.7802513
1,1,0.98670834
1,1,0.8944951
1,1,0.9359998
1,1,0.8773496
1,1,0.896793
1,1,0.9227834
1,0,0.21795382
1,0,0.29046583
1,1,0.8673508
1,1,0.9762185
0,0,0.13742208
1,1,0.9855785
1,1,0.5948698
1,1,0.94593126
1,1,0.9741935
1,1,0.90610546
1,1,0.981117
1,0,0.2665398
1,1,0.8072229
1,1,0.9559824
1,1,0.8095454
1,1,0.82160527
1,1,0.9815124
1,1,0.8819593
1,1,0.9206291
1,0,0.25013366
1,1,0.8361056
1,1,0.98231024
0,0,6.9904454e-06
1,1,0.8647972
1,1,0.62663865
1,1,0.92193913
1,1,0.8405687
0,0,0.13088697
1,1,0.95270854
1,1,0.952294
1,1,0.8821385
0,1,0.629981
1,1,0.9792214
1,1,0.7509739
1,1,0.9913985
1,1,0.92525625
1,1,0.62710685
1,1,0.9903546
1,1,0.9474115
1,0,0.47846088
1,1,0.8684479
1,0,0.48360494
0,1,0.6583357
1,1,0.89294684
1,1,0.9304968
1,1,0.73858815
1,1,0.9642776
0,0,1.7248458e-07
1,1,0.97658587
1,1,0.99507946
1,1,0.973596
1,1,0.58582217
1,0,0.37766606
1,1,0.95253915
1,1,0.90610546
1,1,0.97498775
1,1,0.9675405
1,1,0.5318108
0,0,0.02033252
1,1,0.8772224
1,1,0.88525707
1,1,0.98791987
1,1,0.91160977
1,1,0.90055144
1,1,0.99144256
0,0,3.184996e-07
1,1,0.98301715
1,1,0.96002
1,1,0.96516526
1,1,0.9879554
1,0,0.44734126
1,1,0.87828916
1,1,0.9744159
1,1,0.6895385
1,1,0.93065494
1,1,0.9716911
1,1,0.96029365
1,1,0.54343206
1,1,0.8860422
1,1,0.8213356
1,1,0.79332197
1,1,0.97035754
1,1,0.8771487
1,1,0.96919304
1,1,0.9909515
1,1,0.9474766
1,1,0.5349352
1,1,0.95627296
1,1,0.95195574
1,1,0.9777812
1,1,0.94729686
1,1,0.8804573
1,1,0.9308543
1,1,0.8900364
1,1,0.8338634
0,1,0.661885
1,1,0.8653006
1,0,0.4543497
1,1,0.74782497
1,1,0.97831535
1,1,0.7984965
1,0,0.2098076
1,1,0.61146134
1,1,0.894497
1,1,0.7062928
1,1,0.9875095
1,1,0.9451377
1,1,0.9959716
1,1,0.9123538
1,1,0.5633414
0,0,0.00032363852
1,1,0.9637801
1,1,0.6232143
1,1,0.9295099
1,1,0.7448533
1,1,0.9608767
1,1,0.8261345
0,0,0.0002170888
1,1,0.7798624
1,1,0.9576373
1,1,0.7583883
1,1,0.885094
1,1,0.89561784
1,0,0.2782994
1,1,0.9359931
1,0,0.29150417
1,0,0.39375722
1,0,0.42952186
1,1,0.91878676
1,1,0.98376083
1,1,0.87736285
1,1,0.99671346
1,1,0.96444213
1,1,0.97956103
1,1,0.9487884
1,1,0.90613616
1,1,0.9718094
1,1,0.7839782
0,0,3.0829113e-07
0,0,0.00018389203
1,1,0.8348808
1,1,0.97675693
0,1,0.54841644
1,1,0.9783906
1,1,0.9819338
1,1,0.98985934
1,1,0.9846862
1,1,0.9767999
1,1,0.7793876
1,1,0.9256201
1,1,0.9868781
1,1,0.92622846
1,1,0.9552405
1,1,0.98822993
1,1,0.9832775
1,1,0.91824025
1,1,0.8144145
1,1,0.97611916
1,1,0.99153394
1,1,0.9744159
1,1,0.9546348
1,1,0.9940531
1,1,0.96712077
1,1,0.9547882
0,1,0.59644824
1,1,0.8996737
1,1,0.9664309
1,1,0.99456054
1,1,0.96595305
1,1,0.99033976
1,1,0.9748467
0,0,0.000652071
1,1,0.982193
1,1,0.939251
1,1,0.9723663
1,1,0.91315836
1,1,0.93450886
1,1,0.872564
1,1,0.616942
1,1,0.9116264
1,1,0.958597
1,0,0.4007153
1,1,0.99288625
1,1,0.98688275
1,1,0.9812634
1,1,0.8621151
0,0,1.1205768e-05
0,0,0.15243773
1,0,0.27059355
1,1,0.91788
1,1,0.92550397
1,1,0.9957705
1,1,0.96831656
0,0,0.0052627865
1,1,0.96425575
1,1,0.59283334
1,1,0.9400564
1,0,0.28803602
1,1,0.7725442
0,1,0.7677431
1,1,0.9933255
1,1,0.7509739
1,1,0.98812485
1,1,0.9679052
1,0,0.2098076
1,1,0.9394586
0,1,0.66440535
1,1,0.9809033
1,1,0.9193236
1,1,0.97904027
1,1,0.79445666
1,1,0.9498006
1,1,0.85754806
1,1,0.9346496
0,0,3.1296392e-07
1,1,0.7707171
0,0,3.0518424e-07
0,0,1.9710826e-05
1,1,0.8767696
1,1,0.9861565
1,1,0.67902786
1,1,0.9239282
1,1,0.90706515
1,1,0.94270486
1,1,0.9566564
1,1,0.96662396
1,1,0.68898475
1,1,0.7806768
1,0,0.19148219
1,1,0.95173043
1,1,0.9469114
1,1,0.9869562
1,1,0.6033108
1,1,0.98592937
0,0,0.09573152
1,1,0.9241637
1,1,0.8778909
1,1,0.9910195
1,1,0.97825754
1,1,0.7552526
1,1,0.97246546
1,1,0.9409299
1,1,0.68940616
1,1,0.91002566
1,1,0.9848472
1,1,0.97527707
1,1,0.98807746
1,1,0.63998556
0,0,0.19186991
1,1,0.5995467
1,1,0.9770256
1,1,0.9028699
1,1,0.97535723
1,0,0.0003861593
1,1,0.8990521
1,1,0.9932014
1,1,0.99189883
0,0,1.6881238e-06
1,1,0.74360794
1,1,0.9887704
1,1,0.93402606
1,1,0.83044446
1,1,0.96069896
1,1,0.9654419
1,0,0.4104457
1,1,0.9587965
1,1,0.9675405
1,1,0.79882306
0,0,4.4125776e-05
1,1,0.86656886
1,1,0.9866216
1,0,0.32718644
1,1,0.92855656
1,1,0.9381141
1,1,0.97051096
1,1,0.9890862
1,1,0.73942393
1,1,0.9614514
1,1,0.9405643
1,1,0.54534775
1,1,0.7024376
1,1,0.67109156
1,1,0.9752422
1,1,0.70382386
1,1,0.64817053
1,0,0.2720164
1,1,0.96444213
1,1,0.95329183
1,1,0.5004496
1,1,0.68967587
1,1,0.62618893
1,1,0.7892033
1,1,0.8594197
1,1,0.92454755
1,1,0.9761864
1,1,0.6802894
0,0,0.000549586
1,1,0.9936282
1,1,0.96470875
1,1,0.9249954
1,1,0.9460455
1,1,0.7220721
1,1,0.70646167
1,0,0.37766606
1,1,0.91360414
1,1,0.94074553
1,1,0.64565563
1,1,0.83899
0,1,0.5376062
1,1,0.9773741
1,1,0.6195581
1,1,0.9474766
1,1,0.95904636
1,1,0.96470875
1,1,0.9145385
1,1,0.906364
0,0,1.8140001e-07
1,1,0.98387486
1,1,0.8492997
1,1,0.8439145
1,1,0.6885877
1,1,0.9866562
1,0,0.28330547
1,1,0.651537
1,1,0.6334147
1,1,0.64817053
1,1,0.9831712
1,1,0.5531263
1,0,0.42223775
1,1,0.97624177
1,1,0.8943139
1,1,0.58400345
1,1,0.5725728
1,1,0.80720174
1,1,0.9159334
1,1,0.94731843
1,1,0.89244
1,1,0.88940614
1,0,0.2596255
1,1,0.96300215
1,1,0.68406594
0,0,0.012426769
1,1,0.77456224
1,1,0.97486454
1,1,0.9609884
1,0,0.30862543
1,1,0.99009866
1,1,0.98972195
0,0,0.006100424
1,1,0.9859512
1,1,0.7960651
1,1,0.9836029
1,1,0.9775764
1,1,0.95744425
1,1,0.9788179
1,1,0.98376083
1,1,0.9959076
1,1,0.97428536
1,0,0.28330547
1,1,0.9118726
1,1,0.99642104
1,0,0.4739597
1,0,0.39929396
0,0,0.12220407
0,0,0.19300729
1,1,0.8034463
1,1,0.9566394
1,1,0.8755582
1,1,0.98033994
1,1,0.83044446
1,1,0.83155096
1,1,0.7677431
1,1,0.9520823
1,1,0.9089117
1,1,0.855283
1,1,0.9839439
0,0,0.10858696
1,1,0.9831983
1,1,0.82625127
1,1,0.999919
1,1,0.90923864
0,0,0.33073714
1,1,0.99695206
1,1,0.97960895
1,1,0.8925382
1,1,0.96201444
0,0,0.24442583
1,1,0.9440665
1,1,0.69856256
0,1,0.57555336
1,1,0.96990716
0,0,7.004395e-05
1,1,0.91593087
1,1,0.9329568
1,1,0.99009866
1,1,0.98709583
1,1,0.8766442
1,1,0.9149792
1,1,0.97736824
1,1,0.96425575
1,1,0.7589233
1,1,0.8000629
1,1,0.93313885
1,1,0.6218329
1,1,0.92549115
1,1,0.9219036
1,1,0.83524007
1,1,0.99009866
1,1,0.9497345
1,1,0.7974948
1,1,0.856023
1,1,0.52008456
0,0,0.0004182162
1,1,0.9723343
1,1,0.9459465
0,0,0.00039601553
1,1,0.9905827
1,1,0.54343206
1,1,0.8374937
1,1,0.9841226
1,1,0.9841226
1,1,0.8853744
1,1,0.9810398
1,1,0.8288633
1,0,0.45505613
1,1,0.58981246
1,1,0.95465547
1,1,0.96520805
1,1,0.9640108
1,1,0.9424817
1,1,0.56277287
1,1,0.9100164
1,1,0.7351239
1,1,0.9755873
1,1,0.6931073
1,1,0.9520539
1,1,0.500878
1,1,0.7552526
1,1,0.7529516
1,1,0.7263854
1,1,0.7976231
1,1,0.98376083
1,1,0.9845615
1,1,0.918307
1,1,0.6601067
0,0,5.584988e-06
1,1,0.99456054
1,1,0.976045
1,1,0.61714435
1,1,0.979528
1,1,0.99545187
1,1,0.5361766
1,1,0.9538164
1,1,0.9921586
1,1,0.9825436
0,0,0.0006233566
1,1,0.9377255
1,1,0.8905529
1,1,0.8468873
1,1,0.9234142
1,1,0.9739869
0,0,6.733734e-07
1,1,0.70382386
1,1,0.9831748
1,1,0.9438594
1,1,0.9498006
0,1,0.5331375
1,0,0.41314808
1,1,0.96470875
1,1,0.9149949
1,0,0.4042063
1,1,0.73627174
1,1,0.9814622
1,1,0.52956784
1,1,0.90702116
1,1,0.86735344
1,1,0.95809984
1,1,0.984044
1,0,0.31187585
1,1,0.97091776
1,1,0.9867678
1,1,0.9738332
1,1,0.9752422
1,1,0.8720477
1,1,0.7592655
0,0,1.2007461e-05
1,1,0.98387486
1,1,0.8935232
1,1,0.96304446
1,1,0.6244779
1,1,0.94624966
1,1,0.8892097
1,1,0.9677519
1,1,0.9701267
1,0,0.48371744
1,1,0.90038306
1,1,0.9764824
1,1,0.7234267
1,1,0.6003213
1,1,0.98691994
1,1,0.953496
0,0,6.935438e-06
1,1,0.8365546
1,1,0.9744159
1,1,0.98094547
0,0,0.007350435
1,1,0.8290555
1,1,0.91593087
1,1,0.93154454
1,1,0.8802327
1,1,0.53633475
1,0,0.33836377
1,1,0.5907144
1,1,0.6885451
1,0,0.3558698
1,1,0.96029365
0,0,3.5929217e-05
1,1,0.9620479
1,1,0.67902786
1,1,0.9881582
1,1,0.9959885
1,1,0.91610014
1,1,0.81318593
1,1,0.99002856
1,1,0.9508159
1,0,0.23741527
1,1,0.99079376
1,1,0.9426298
0,0,0.11717685
1,1,0.8755582
1,1,0.9900179
0,0,9.207116e-07
1,1,0.9892825
1,1,0.5421544
1,1,0.98170495
1,1,0.95250523
1,0,0.33664855
1,1,0.9956389
0,0,1.3435575e-06
1,1,0.5447663
1,1,0.99290055
1,1,0.68967587
1,1,0.9795089
1,1,0.8219986
1,1,0.98094547
1,1,0.9250495
0,1,0.5390421
1,1,0.9627094
1,1,0.92102134
1,1,0.98972195
1,1,0.99092704
1,1,0.78414255
0,0,0.0098878825
1,1,0.94624966
0,0,0.00022391794
1,1,0.9812012
1,1,0.9520823
1,1,0.9932014
0,0,0.0002516425
1,1,0.9463043
1,1,0.9372943
1,1,0.94520754
1,0,0.3834832
0,0,5.9511847e-05
1,1,0.6552435
0,0,0.0034810018
1,0,0.16608334
1,1,0.93993604
1,1,0.98382145
1,1,0.93553054
0,1,0.608969
1,1,0.8628484
1,0,0.18809655
1,0,0.44548193
1,1,0.98965216
1,1,0.9902158
1,1,0.91952384
1,1,0.856023
1,1,0.97486454
1,1,0.572248
1,0,0.39479432
1,1,0.5318108
1,1,0.91945994
1,1,0.8593694
1,1,0.9439441
1,1,0.6509877
1,1,0.99523705
1,1,0.53103155
1,1,0.9791252
1,1,0.97428536
1,1,0.9926661
1,1,0.65054405
1,1,0.9936487
1,1,0.97386765
1,1,0.9836029
1,1,0.5239793
1,1,0.88008356
1,1,0.6727086
1,1,0.95557266
1,1,0.9254549
0,0,1.3766283e-05
1,0,0.382943
1,1,0.9028883
0,1,0.55549675
1,0,0.48781553
1,1,0.9375301
1,1,0.8176537
1,1,0.9591642
1,1,0.9502633
1,1,0.91160977
1,1,0.97536105
1,1,0.9482546
1,0,0.18390056
1,1,0.9823754
1,1,0.9628709
1,1,0.97591436
1,1,0.98550177
0,0,0.00020699581
1,1,0.767636
1,1,0.9691514
1,0,0.42952186
0,0,3.7226252e-07
1,1,0.83314884
0,1,0.8153111
1,0,0.28330547
1,0,0.20838018
1,1,0.8365473
1,1,0.7887254
1,1,0.982193
1,0,0.46161032
1,1,0.7974948
0,0,0.16206585
1,1,0.95655537
1,1,0.9455674
1,1,0.92731816
1,1,0.9397424
1,1,0.93744916
1,1,0.97379124
1,1,0.9476652
1,1,0.9659322
1,1,0.99635315
1,1,0.95250887
1,1,0.98707235
1,1,0.6452069
1,0,0.11435428
1,0,0.37265372
1,1,0.9774427
1,1,0.9757592
1,1,0.8802327
1,1,0.98986644
1,1,0.9547189
1,1,0.90630025
1,1,0.91633946
1,1,0.88337606
1,1,0.8647972
0,0,0.10136251
1,1,0.756069
1,1,0.95259845
1,0,0.4104457
1,1,0.88721204
1,1,0.89198756
1,1,0.9962508
1,1,0.77053267
1,1,0.9142955
1,1,0.92142487
0,0,0.00010637124
1,1,0.8914025
1,1,0.9626769
1,1,0.94346005
1,1,0.89377916
1,1,0.9783721
1,1,0.9084515
1,1,0.955588
1,0,0.17644309
1,1,0.9740954
1,1,0.96470875
1,1,0.6794431
1,1,0.993404
1,1,0.98164976
1,1,0.9381141
1,1,0.9657363
0,0,2.6424976e-07
1,1,0.958432
1,1,0.96446645
1,1,0.97736824
1,1,0.92875004
0,0,0.47508007
1,1,0.93993604
1,1,0.97683245
1,1,0.9018275
1,1,0.79332197
1,1,0.92156667
1,1,0.97521573
1,1,0.6203319
1,1,0.98731947
0,0,0.4965634
1,1,0.85915005
1,1,0.99565136
1,1,0.6115639
1,1,0.6232143
1,1,0.9479572
1,1,0.97611916
1,1,0.97956103
1,1,0.6158451
1,1,0.9079518
1,1,0.9438593
1,1,0.93730974
1,1,0.9498006
1,0,0.13549715
1,1,0.9035638
1,1,0.97933567
1,1,0.8028883
1,1,0.96974754
1,1,0.9148976
1,1,0.7638758
1,1,0.859815
1,1,0.96848345
1,1,0.6968077
0,0,9.63137e-05
1,1,0.8034463
1,1,0.98688275
1,1,0.57247543
1,1,0.70934826
1,1,0.8772224
1,1,0.98361105
1,1,0.5823134
1,1,0.98090726
1,1,0.92731816
1,1,0.8024267
1,1,0.9882278
1,1,0.9834831
1,1,0.9159334
1,1,0.9802753
1,0,0.4739597
1,1,0.98674804
1,0,0.31256586
1,1,0.9217888
1,1,0.9622709
1,1,0.8125501
1,1,0.6843837
1,1,0.96990716
1,1,0.98972195
1,0,0.31118444
1,1,0.61152107
1,1,0.7094659
1,1,0.96111333
1,1,0.7612049
1,0,0.28330547
1,1,0.8989331
1,1,0.9217888
1,1,0.6790254
1,1,0.98707235
1,1,0.7509739
1,1,0.83384204
1,1,0.7997456
1,1,0.95650786
1,1,0.9710468
1,1,0.68839014
1,1,0.7618117
1,0,0.3918964
1,1,0.8419035
1,1,0.98814225
1,1,0.6918392
1,1,0.8458837
1,1,0.96752393
1,1,0.94018525
1,1,0.99456054
1,1,0.84386104
1,1,0.9669226
1,1,0.9885059
0,0,1.3611046e-06
1,1,0.950007
1,1,0.9715501
1,0,0.44548193
1,1,0.96779466
1,1,0.92549115
1,1,0.7605751
1,1,0.9487884
1,1,0.6338738
1,1,0.932174
1,1,0.9612891
1,1,0.6786337
1,1,0.97831535
1,1,0.9733018
1,1,0.97644734
1,1,0.9638963
1,0,0.37310147
1,1,0.5633414
1,1,0.9450824
1,1,0.9917779
1,1,0.8852767
1,0,0.31637388
1,1,0.72449803
1,1,0.991773
1,0,0.3954928
1,1,0.99695206
1,1,0.95270854
1,1,0.5385753
1,0,0.3558698
1,1,0.7955131
1,1,0.6786337
1,1,0.6164742
1,1,0.78690153
1,1,0.9587965
1,0,0.4301871
1,0,0.46059647
1,0,0.2905469
1,1,0.99694794
1,1,0.99635315
0,0,0.29023287
0,1,0.5548911
1,1,0.9233015
1,1,0.9208017
1,1,0.92801976
1,1,0.99144256
1,0,0.27164078
1,1,0.94919264
1,1,0.9900179
1,1,0.9215675
1,1,0.9118554
0,0,0.020743284
1,1,0.90923864
1,1,0.97035754
1,1,0.9802461
1,1,0.7020714
1,1,0.8573791
1,1,0.9234142
1,1,0.85379636
1,1,0.92549115
1,1,0.94316614
1,1,0.98836976
1,1,0.77944934
1,1,0.97591436
1,0,0.32414964
1,1,0.8888988
1,0,0.11772543
0,0,8.655279e-06
1,1,0.9100164
1,1,0.96470875
1,1,0.6129861
1,1,0.8667881
1,1,0.9567667
1,0,0.36394086
1,1,0.9675742
1,1,0.98894125
1,1,0.5191201
1,0,0.31187585
1,1,0.9113071
1,1,0.5361766
1,1,0.9308543
1,1,0.76637226
0,0,2.3722461e-07
0,0,2.4543957e-07
1,1,0.52544796
1,1,0.9443849
1,0,0.31994584
1,1,0.8658701
1,1,0.9585653
1,0,0.39375722
1,1,0.98415047
1,1,0.9859104
1,1,0.9917707
1,1,0.947705
1,1,0.96151626
1,1,0.99635315
1,1,0.91072804
1,1,0.9628709
1,1,0.90163076
1,1,0.9191875
1,1,0.98986644
1,1,0.9644475
1,1,0.97486454
1,1,0.6545729
1,1,0.98332626
1,1,0.84913445
1,1,0.65588135
1,1,0.86645263
1,1,0.9708387
1,1,0.9935599
1,1,0.943675
1,1,0.9926937
1,1,0.6700355
1,1,0.74996924
1,1,0.9567981
1,1,0.8602695
0,0,0.00035119732
1,1,0.98162615
1,1,0.96128553
1,1,0.73940337
1,1,0.96971816
1,1,0.66000724
1,1,0.984503
1,1,0.93166506
1,1,0.86102444
1,1,0.77053267
1,1,0.9702106
1,1,0.9786891
0,0,0.13757376
1,1,0.9871591
1,1,0.9628709
1,1,0.905628
0,0,0.005329265
1,1,0.9491718
1,1,0.96712077
1,1,0.9768444
1,0,0.46292138
1,1,0.92717177
1,1,0.97406507
1,1,0.9764824
0,0,1.9040023e-07
1,1,0.9209064
1,1,0.732677
0,0,0.0026775976
1,1,0.944871
1,1,0.70520777
1,1,0.9663086
1,1,0.90923864
1,1,0.63095003
1,1,0.9626818
1,1,0.9485073
1,1,0.9478085
1,1,0.9553565
1,1,0.9895601
1,1,0.80090505
1,1,0.97050726
1,1,0.93065494
1,1,0.780151
1,1,0.9460846
1,0,0.21389104
1,1,0.9850491
1,1,0.97786605
1,0,0.1751891
1,1,0.6158451
1,1,0.89538556
1,1,0.99095035
1,0,0.42095286
1,0,0.47299042
1,1,0.95465547
1,1,0.61146134
1,1,0.7174463
1,1,0.79474795
1,1,0.941114
1,1,0.68577886
1,1,0.9443336
1,0,0.18809655
1,1,0.79134136
1,1,0.64397645
1,1,0.9336068
1,1,0.9241936
1,1,0.9234142
1,0,0.4085103
1,1,0.8262251
1,1,0.9899359
1,1,0.94055754
1,1,0.9761511
1,1,0.5239793
1,1,0.94729686
1,1,0.7759553
1,1,0.6488127
1,1,0.991773
1,1,0.5146181
1,1,0.9832775
1,1,0.952294
1,1,0.8907873
1,1,0.98157054
1,1,0.99008024
1,1,0.86692226
1,1,0.9579917
1,1,0.98299104
1,1,0.9009501
1,1,0.9288581
1,1,0.8958537
1,1,0.66990095
1,1,0.9139461
1,1,0.96621674
1,0,0.33805275
1,1,0.993404
1,0,0.31758472
1,1,0.94172627
1,1,0.6115639
1,1,0.9538435
1,1,0.70370376
0,0,4.8016987e-05
1,0,0.48781553
1,1,0.8405687
1,1,0.60737705
1,0,0.18809655
1,1,0.7997456
1,1,0.9227834
0,0,0.00037503458
0,0,0.15755472
0,1,0.54394764
1,1,0.991168
1,1,0.93449396
1,1,0.8907873
1,1,0.9722967
1,1,0.9662568
1,1,0.9663293
1,1,0.9837643
1,1,0.85754806
1,1,0.9119423
1,0,0.39375722
1,1,0.9537729
1,1,0.86187065
1,1,0.8810531
1,1,0.96642023
1,1,0.993404
1,1,0.5060065
0,0,1.6739587e-07
1,1,0.6054773
1,1,0.9790024
1,1,0.9188504
1,1,0.5778913
1,1,0.9737026
1,1,0.9764877
1,0,0.37163812
1,1,0.96848345
1,1,0.98657995
0,0,0.4574958
1,1,0.6115639
1,1,0.8683934
1,1,0.8680072
1,1,0.99642104
1,1,0.68758965
1,1,0.8600737
1,0,0.16022976
1,0,0.25013366
1,0,0.2981637
1,1,0.99009866
1,1,0.9722235
1,1,0.92779034
1,1,0.9063195
1,0,0.49372777
1,1,0.7955131
1,0,0.47489825
1,1,0.9384971
1,1,0.9626675
1,1,0.8852767
1,1,0.9734728
1,1,0.6247032
1,0,0.4107361
1,1,0.6083785
1,1,0.60737705
0,0,0.00091703254
1,1,0.91360414
1,1,0.93702835
1,1,0.89342993
1,1,0.57404935
1,1,0.97810954
1,1,0.62375116
1,1,0.92710876
1,0,0.46552324
1,1,0.84619826
0,0,0.077440396
1,1,0.7530459
1,1,0.99002856
1,1,0.87309915
1,1,0.97803456
1,1,0.8290637
1,1,0.9657622
1,1,0.97282636
1,1,0.9783906
1,1,0.9746614
1,1,0.7638758
1,0,0.3954928
1,1,0.93621826
1,1,0.8104592
1,1,0.5705921
1,1,0.87009597
1,1,0.90515935
0,0,0.43943843
1,1,0.84467846
1,1,0.96181583
1,0,0.12839992
1,1,0.99521184
1,1,0.7458943
1,1,0.9642776
1,0,0.4867503
1,1,0.97876805
1,1,0.9983296
1,1,0.9174552
0,0,7.235728e-05
1,0,0.35217068
1,1,0.791568
1,1,0.932174
1,1,0.9797505
1,1,0.990526
1,1,0.6717559
1,0,0.4085103
1,1,0.93192697
1,1,0.9175386
1,1,0.7732004
1,1,0.981117
1,1,0.73606765
0,0,0.00014650881
1,1,0.64565563
1,1,0.8742297
1,1,0.8250786
1,1,0.96905756
1,1,0.98677415
1,1,0.89274573
1,1,0.59357584
1,1,0.9885059
1,1,0.82723516
1,1,0.97827005
1,1,0.95503324
1,1,0.80152947
1,1,0.90723026
1,1,0.7004671
1,1,0.9770256
1,1,0.7790456
1,1,0.74373055
1,1,0.92698675
1,1,0.9124714
0,0,9.635385e-05
1,1,0.97799563
1,0,0.32414964
1,1,0.9021111
1,1,0.9738332
1,1,0.90244293
1,1,0.93287
1,1,0.9887941
0,0,0.010095127
1,1,0.60737705
0,0,2.3623464e-07
1,1,0.8184377
1,1,0.6802894
1,1,0.82163334
1,1,0.9346496
1,1,0.97783214
1,1,0.94593126
1,1,0.5778913
1,1,0.9613258
1,1,0.86485714
1,1,0.8479544
1,1,0.9917553
1,1,0.9476652
1,1,0.92549115
1,1,0.743324
1,1,0.76534903
1,1,0.96627957
1,1,0.9502633
1,1,0.98118997
1,1,0.9779409
1,1,0.90466326
1,1,0.9782637
1,0,0.30862543
1,0,0.4867503
1,1,0.5907144
1,1,0.7509739
1,1,0.9764877
1,0,0.27164078
1,1,0.6237429
1,1,0.9831506
1,1,0.9850491
1,0,0.4943693
1,1,0.96564513
1,0,0.43221578
1,1,0.5195373
1,1,0.9888355
1,1,0.9771128
0,0,0.13070515
1,1,0.85290575
1,1,0.9233015
1,1,0.99323756
0,0,0.22113058
1,0,0.46772525
1,1,0.9840731
1,1,0.99041444
1,1,0.9076043
1,1,0.9729705
1,1,0.91419
1,1,0.9875095
0,0,8.8956506e-07
1,0,0.39804235
1,1,0.97827005
1,1,0.9227834
0,0,0.00071761524
0,0,1.0870838e-06
1,1,0.62084854
1,0,0.15699919
1,1,0.61714435
1,1,0.8819593
1,1,0.8139918
1,1,0.9012762
1,1,0.5666925
1,0,0.48360494
0,0,1.5274263e-07
1,1,0.9399375
1,1,0.955588
1,1,0.52991676
1,1,0.9959885
1,1,0.872564
0,0,0.45171204
1,1,0.9599619
1,0,0.16608334
1,1,0.9746592
1,1,0.651537
1,1,0.95980006
1,1,0.68758965
1,1,0.91668105
1,1,0.94018525
1,1,0.9655712
1,1,0.9888355
1,1,0.9680655
1,1,0.9219036
1,1,0.95744425
1,1,0.91852576
1,1,0.86963326
1,0,0.36319277
1,1,0.7560936
1,1,0.96380067
1,1,0.9841226
1,1,0.8288633
1,1,0.5214667
1,1,0.9443394
1,0,0.44810146
1,1,0.99642104
1,1,0.54518723
1,1,0.5138647
1,1,0.92855656
1,1,0.97904027
1,1,0.7244033
1,1,0.905628
1,1,0.96671915
1,1,0.97319376
1,1,0.8447565
1,1,0.9722389
1,1,0.9234142
1,1,0.9497345
0,0,0.00038505046
1,1,0.97277176
0,0,6.6545355e-05
1,1,0.7381904
1,1,0.988535
1,1,0.9099215
1,1,0.9737743
1,1,0.83155096
1,0,0.25013366
1,1,0.9786891
1,1,0.8204246
1,1,0.9439616
1,1,0.8181359
1,1,0.98948073
1,1,0.9666766
1,1,0.9791252
1,1,0.8715497
0,0,0.004117276
1,1,0.9381141
0,0,2.1005313e-07
1,1,0.9612986
1,0,0.3669352
1,1,0.9191211
1,1,0.97455937
1,1,0.70382386
1,1,0.9434741
0,0,3.8339622e-05
1,0,0.4739597
1,1,0.97728056
1,0,0.42406428
1,1,0.9547882
1,0,0.3669352
1,1,0.7094659
1,1,0.9393835
1,1,0.8680072
1,1,0.9653006
1,1,0.9734234
1,1,0.9092176
1,1,0.8582447
1,1,0.9111424
1,1,0.9805654
1,1,0.73745257
1,1,0.9332188
1,1,0.5743396
1,1,0.99523705
1,1,0.51585966
0,0,0.00016388219
1,1,0.99528813
1,1,0.733075
1,0,0.3866608
1,1,0.50997674
1,0,0.12997214
1,1,0.98977596
1,1,0.78840876
1,1,0.97639906
1,0,0.29150417
1,1,0.83023596
1,0,0.18167524
1,1,0.681748
1,1,0.9476631
1,1,0.927761
1,1,0.8785045
1,1,0.9520823
1,1,0.9653006
1,1,0.9909515
1,1,0.95619786
1,0,0.16149597
0,1,0.7778701
1,0,0.19124001
1,1,0.98415047
1,1,0.93065494
1,1,0.96662396
1,1,0.95787287
1,1,0.9926937
1,1,0.99008024
1,1,0.95195574
1,1,0.9887441
1,1,0.985914
1,1,0.9607844
1,1,0.9189354
1,1,0.5907144
1,1,0.9810631
1,1,0.99303436
1,1,0.56277287
1,1,0.95205104
1,1,0.96560323
1,1,0.97718114
1,1,0.9910434
1,1,0.9081711
0,0,0.00015249153
0,0,2.325562e-05
1,1,0.9941511
1,1,0.64817053
1,1,0.8268071
1,1,0.94729686
1,1,0.6724636
1,0,0.42095286
1,1,0.9752951
1,1,0.5138647
1,1,0.77847207
1,1,0.9795398
1,1,0.9326822
0,0,0.0017765766
0,0,0.16235691
1,1,0.8807735
1,1,0.89183474
1,1,0.855283
1,1,0.80687416
1,1,0.92694676
0,0,1.2159141e-05
1,1,0.9114211
1,1,0.98165417
1,0,0.37919098
1,0,0.39804235
1,1,0.93088245
1,1,0.9397523
1,1,0.9852765
1,1,0.63598365
1,1,0.5200292
1,1,0.8873209
1,1,0.99715227
1,1,0.7033055
1,1,0.6164742
1,1,0.71575654
1,1,0.9434302
1,1,0.53325415
1,1,0.9956389
1,1,0.9533259
1,1,0.9800355
1,1,0.6054773
0,0,4.7250414e-05
1,1,0.9119423
1,1,0.8440125
1,1,0.98791987
1,1,0.9800679
1,1,0.6033108
1,1,0.9738277
1,1,0.9653006
1,1,0.9912758
1,1,0.5418264
1,0,0.31758472
1,1,0.8389239
1,1,0.9346956
0,0,0.037108947
1,1,0.8983305
1,1,0.6987681
1,1,0.86678106
1,1,0.9875095
1,1,0.6473167
1,1,0.9338004
1,1,0.9861565
1,1,0.7094659
1,1,0.9721486
1,1,0.68406594
1,1,0.9871538
1,1,0.9108846
1,1,0.9741
1,1,0.93317944
1,1,0.9633266
1,1,0.8680072
1,1,0.92455333
1,1,0.9782637
1,1,0.9961196
1,1,0.9957211
1,1,0.76614016
1,1,0.7518621
1,1,0.88060373
1,1,0.9926937
0,0,6.821366e-07
0,0,0.00051437307
1,1,0.67321014
1,1,0.9513264
1,0,0.27164078
1,1,0.75611293
1,0,0.37797868
1,1,0.98162615
1,1,0.7450544
1,1,0.9199144
1,0,0.46161032
1,1,0.6123908
1,1,0.63910985
1,1,0.9932014
1,1,0.9664309
1,1,0.98381406
1,1,0.9400576
1,1,0.9568249
1,1,0.9188504
1,1,0.81692344
1,1,0.80687416
1,1,0.98706204
1,1,0.856023
1,1,0.90706563
1,1,0.98711956
1,1,0.9917779
1,1,0.9966537
0,1,0.74913
1,1,0.9738332
1,1,0.6266298
1,1,0.9100164
0,0,0.0001788442
1,1,0.59270865
1,1,0.91072804
1,1,0.9832775
1,1,0.8907873
1,0,0.36394086
1,1,0.96613485
1,0,0.2546573
1,1,0.9657622
1,1,0.9694149
1,1,0.97527444
1,1,0.9019693
1,1,0.9591779
0,0,5.320142e-07
1,1,0.6874067
1,1,0.99026597
1,1,0.88350385
1,0,0.48360494
1,0,0.121130474
1,1,0.7667018
1,1,0.9183313
1,1,0.9234142
1,1,0.93419653
1,1,0.9595947
1,1,0.78226775
1,1,0.9786184
1,1,0.9614514
0,0,0.05781553
1,1,0.7725442
1,1,0.94529665
1,1,0.5853631
1,1,0.992562
1,1,0.9286273
1,1,0.89901197
0,0,0.00046904583
1,1,0.87751025
1,1,0.8905529
1,1,0.9697487
1,1,0.50696206
1,1,0.8585618
1,1,0.6552098
1,1,0.9797505
1,0,0.47489825
1,1,0.8778909
1,1,0.8104592
1,1,0.8321079
1,1,0.98688275
0,0,0.37738416
1,1,0.9397523
1,1,0.5531263
1,1,0.8874097
1,1,0.9287853
1,1,0.9541939
1,1,0.98415047
1,1,0.9912758
1,1,0.978644
1,1,0.9077473
1,1,0.9268619
1,1,0.9246075
1,1,0.9261575
1,1,0.65194577
1,1,0.7955131
1,1,0.97576386
1,1,0.9113071
1,1,0.93363416
1,1,0.8439334
1,1,0.7154751
1,1,0.9458226
1,1,0.91277057
1,1,0.9795836
1,1,0.98228145
1,1,0.99545187
1,1,0.91160977
1,1,0.9783906
1,1,0.9719587
1,1,0.9566564
0,0,6.615635e-06
1,1,0.7942724
1,1,0.9794724
1,1,0.98646903
1,1,0.57404935
1,1,0.9235141
1,1,0.95975685
1,1,0.6576605
1,1,0.9637733
1,1,0.9103248
1,1,0.89853567
1,1,0.9507862
1,1,0.9102388
1,1,0.97830164
1,1,0.9469424
1,1,0.834089
1,1,0.98387486
1,1,0.954589
1,1,0.8161866
1,0,0.39041272
1,1,0.68839014
1,1,0.67147785
1,1,0.6541665
1,1,0.9306056
1,1,0.9835499
1,1,0.79104257
1,1,0.7401908
0,0,0.445731
1,0,0.33836377
1,1,0.988107
1,1,0.9321475
1,1,0.99009866
1,1,0.95619786
1,1,0.96577215
1,1,0.8208585
1,1,0.7037413
1,1,0.93730974
1,1,0.9474766
1,1,0.9614514
1,1,0.9159334
1,0,0.39041272
1,1,0.9093068
1,1,0.955588
1,1,0.7401908
1,1,0.93065494
0,0,1.5855571e-07
0,0,7.9747855e-07
1,1,0.99043775
1,1,0.9608831
1,1,0.8931778
1,1,0.9900179
1,1,0.6856406
1,1,0.940874
1,1,0.969802
1,1,0.91617966
1,1,0.9867678
1,1,0.9777929
1,1,0.95223
1,1,0.96974754
1,1,0.9065621
1,1,0.92102134
1,1,0.9876885
1,1,0.99041444
1,1,0.85290575
1,1,0.9834487
1,1,0.7123584
0,0,0.07667635
0,0,3.736427e-05
1,1,0.80687416
1,1,0.98032874
1,1,0.8445255
1,1,0.9497345
1,1,0.9653006
1,1,0.8262763
1,1,0.6019234
0,0,0.3478761
1,1,0.761429
1,1,0.56746256
1,1,0.7966949
0,0,3.3906024e-06
1,0,0.32914865
1,1,0.91479135
1,1,0.86133623
1,1,0.9400576
1,0,0.17644309
1,1,0.98690265
1,1,0.9627094
1,1,0.9842291
1,1,0.9328427
1,1,0.94729686
0,0,0.00028265643
1,1,0.99994445
1,1,0.9910515
1,1,0.780151
1,1,0.5853631
1,1,0.7401049
1,1,0.80192876
0,0,0.001642184
1,0,0.32956126
1,1,0.9932014
1,1,0.75128174
1,1,0.7255816
1,1,0.96470016
1,1,0.94620836
1,1,0.90628767
1,1,0.92087555
1,1,0.8330447
1,1,0.7197094
1,1,0.78624874
1,1,0.5839921
1,1,0.9959716
1,1,0.8139918
1,1,0.5214667
1,1,0.9568249
1,1,0.89114463
1,1,0.99204654
1,1,0.95270854
1,1,0.94346005
1,1,0.88008356
1,1,0.8364318
1,1,0.60737705
1,1,0.97786176
1,1,0.9216453
1,1,0.93527293
1,1,0.7846824
1,1,0.9823754
1,1,0.7725442
1,0,0.100721516
1,1,0.9379645
1,1,0.9881582
1,1,0.7211289
1,1,0.90261
1,1,0.95329183
1,1,0.99204314
1,1,0.6741805
1,0,0.2797349
1,1,0.9838682
1,1,0.94620836
1,1,0.5919484
1,1,0.9823866
1,1,0.9502633
1,1,0.9912546
1,1,0.98617053
1,1,0.80796266
1,1,0.9235141
1,1,0.8772944
1,1,0.80687416
1,1,0.97825754
1,1,0.6195581
1,1,0.9808755
0,1,0.62695843
1,1,0.6384052
1,1,0.9274294
1,1,0.733075
1,1,0.9924773
1,1,0.8828651
1,1,0.9629011
1,1,0.9081711
1,1,0.94895625
1,1,0.86638814
1,1,0.73788315
1,1,0.9346849
1,1,0.716597
1,1,0.956789
1,1,0.9062352
1,0,0.41314808
1,1,0.9511386
1,1,0.87955093
1,1,0.89326274
1,1,0.94624966
1,1,0.9669226
1,1,0.9842291
1,1,0.96744084
1,1,0.9498006
0,1,0.75464696
1,1,0.76637226
1,1,0.8585618
1,1,0.97692037
1,1,0.91954833
1,1,0.9712277
1,1,0.9316123
1,0,0.38418832
1,1,0.9725804
1,0,0.3020703
1,0,0.15249687
1,1,0.94624966
1,1,0.9779209
1,1,0.6334147
1,1,0.9655247
1,1,0.56946594
0,0,6.146896e-07
1,1,0.978908
1,0,0.11435428
1,1,0.97273034
1,1,0.9592442
1,1,0.89723384
1,1,0.74717325
1,1,0.9188504
1,1,0.5705921
1,1,0.9985413
1,1,0.95548
1,1,0.90610546
1,1,0.66048926
1,1,0.58642393
1,0,0.33836377
1,1,0.63995785
1,1,0.97486454
1,1,0.5823134
1,1,0.5239793
1,1,0.99721515
0,0,0.41861853
0,0,5.4044733e-05
1,0,0.38422102
1,1,0.6895385
1,1,0.99289364
1,1,0.840324
1,1,0.9394555
1,1,0.94835114
1,1,0.87550485
1,1,0.96029365
1,1,0.9917707
1,0,0.36401224
0,1,0.5331838
1,1,0.9889343
1,1,0.9234142
1,1,0.9738277
1,1,0.8367797
1,1,0.7445838
1,1,0.91360414
1,1,0.9541939
1,0,0.20594963
1,1,0.96020734
1,1,0.9234142
1,1,0.9591642
1,1,0.96128553
1,1,0.8348808
1,1,0.5725728
1,1,0.9793064
1,0,0.1862489
1,1,0.87156504
0,0,7.3754686e-06
1,1,0.84632146
0,1,0.8030931
1,1,0.8925905
1,1,0.6885451
1,1,0.9683611
1,0,0.2946149
1,0,0.3866608
1,1,0.94516486
0,0,0.42254505
1,1,0.8914025
1,1,0.98275113
1,1,0.98055
1,1,0.8473779
1,1,0.58704996
1,1,0.9871591
0,0,0.00013961572
0,0,2.939803e-07
1,1,0.8483509
1,1,0.98326564
0,0,0.00032648433
0,0,0.037425525
1,1,0.6856406
1,1,0.52664655
1,1,0.72671616
1,1,0.5653038
1,1,0.7796085
1,1,0.9724322
1,1,0.9884223
1,1,0.9438594
1,1,0.69802
1,1,0.9686726
1,0,0.38593808
1,1,0.98221123
1,1,0.8911321
1,1,0.6856406
1,1,0.6562682
1,1,0.87514323
1,1,0.9764824
0,0,0.45717293
1,1,0.9752373
1,1,0.63208205
1,1,0.5948698
1,1,0.96844697
1,1,0.99996835
1,1,0.82722574
1,1,0.9620479
1,1,0.7602034
1,1,0.94773483
1,0,0.40130928
1,1,0.8288633
1,1,0.9566394
1,1,0.9654419
1,0,0.3508158
1,1,0.9488888
1,1,0.9885564
1,1,0.9234816
0,0,2.4254518e-07
1,1,0.9525222
1,1,0.97904027
1,1,0.9159334
1,1,0.96844697
1,1,0.7525391
1,1,0.82827765
1,1,0.761429
1,1,0.8983869
1,1,0.98391604
0,0,5.3522712e-05
1,0,0.44476637
1,1,0.96564513
0,0,0.03412594
1,1,0.9738277
1,1,0.9712277
1,1,0.9533832
1,1,0.8935232
1,1,0.976989
1,1,0.59056413
1,1,0.84913445
1,1,0.86298805
1,1,0.94254905
1,1,0.7123584
1,1,0.8317696
1,1,0.96425575
1,1,0.91360414
1,1,0.9750219
1,1,0.9263825
1,1,0.9547882
1,1,0.9439441
1,1,0.9082079
1,0,0.39479432
1,1,0.9294948
1,1,0.99726546
1,1,0.80687416
1,1,0.9752951
0,0,0.04814279
1,1,0.99571115
1,1,0.8925905
1,1,0.98986644
1,1,0.9498907
1,1,0.8558773
1,1,0.9191211
1,1,0.9425772
1,1,0.59056413
1,1,0.9568249
1,1,0.6154819
1,1,0.89294684
1,1,0.95195574
1,1,0.9675405
0,1,0.5433868
1,1,0.9476631
1,1,0.969789
1,1,0.9712277
1,1,0.9773537
1,0,0.37310147
1,1,0.9217888
1,1,0.6533779
1,1,0.93065494
1,1,0.9617877
1,1,0.73466283
1,1,0.71575654
0,1,0.8257525
1,1,0.9299181
1,1,0.73942393
1,1,0.9362026
1,1,0.84632146
1,1,0.68254685
1,1,0.9636965
1,1,0.9100164
1,0,0.29856756
1,1,0.94620836
1,1,0.9742403
1,1,0.9100164
1,1,0.9750623
1,1,0.97611916
1,1,0.99095035
1,1,0.8983869
1,1,0.68126684
1,1,0.9314526
1,1,0.6684767
1,1,0.6352696
1,1,0.99456054
1,1,0.96300215
1,1,0.9566394
1,1,0.93183136
1,1,0.8266672
1,1,0.94025797
1,1,0.74373055
0,0,0.35721365
1,0,0.45079926
1,1,0.53603894
1,1,0.9921586
0,0,0.0003327175
1,1,0.9747904
1,1,0.9460846
1,1,0.9869856
1,1,0.8684479
0,0,0.00069640216
1,1,0.89294684
1,1,0.9035638
1,1,0.9208017
1,1,0.9008489
1,1,0.9626675
1,1,0.87955093
0,0,9.654653e-05
1,1,0.9201069
1,1,0.86688787
1,1,0.9716911
1,1,0.98035675
1,1,0.90987045
1,1,0.6164742
1,1,0.5778913
1,1,0.8905529
1,1,0.9268619
1,0,0.40391806
0,0,0.004640604
1,1,0.8838974
1,1,0.8914025
1,1,0.96444213
1,1,0.96604306
1,1,0.93687224
1,1,0.9116264
1,1,0.9793064
1,1,0.99635315
1,1,0.9612986
1,1,0.8870787
0,0,0.41755655
1,1,0.9793064
1,1,0.96974754
1,1,0.9864526
1,1,0.9738332
1,1,0.978908
1,1,0.8184377
1,1,0.98055
1,1,0.65588135
1,1,0.9721035
1,1,0.969175
1,1,0.7229462
1,1,0.9124714
1,1,0.91107583
0,1,0.54515576
1,1,0.97591436
1,1,0.9738332
1,1,0.98677415
1,0,0.23115951
0,1,0.5081535
1,1,0.9084515
1,1,0.875901
1,1,0.9793064
1,1,0.94593126
1,1,0.76614016
1,1,0.8978349
1,1,0.59357584
1,1,0.99009866
1,1,0.9113071
1,1,0.8093919
1,1,0.87014276
1,1,0.5494593
1,1,0.98288727
1,1,0.6014496
1,0,0.3088397
1,1,0.9321508
1,1,0.9797257
1,1,0.94766045
1,1,0.9836029
1,1,0.99008024
1,1,0.9767197
1,1,0.9946995
1,1,0.5231161
1,1,0.83156615
1,1,0.98977596
1,1,0.9445698
1,1,0.91419
1,1,0.86227727
1,0,0.24270044
1,1,0.75114274
1,1,0.91593087
1,1,0.9247857
1,1,0.91656625
1,1,0.9793064
1,1,0.98234946
1,1,0.8069991
1,0,0.48360494
1,1,0.973596
1,1,0.9887441
1,1,0.9773741
0,0,0.00017774565
1,1,0.9679063
1,1,0.91276896
1,1,0.9841226
1,1,0.978908
1,1,0.96470875
1,1,0.9736831
1,1,0.9864631
1,1,0.979746
1,1,0.9191875
0,0,2.8938143e-07
0,0,0.00020596499
1,1,0.99450505
1,0,0.48700336
1,1,0.66344875
1,1,0.944687
1,1,0.9579917
1,1,0.7566222
1,0,0.25013366
1,1,0.98896414
1,1,0.52361536
0,0,0.00023996677
1,1,0.89615405
1,1,0.97850496
1,1,0.8905529
1,1,0.7614373
1,1,0.99555755
1,0,0.4497222
1,1,0.5361766
0,0,9.348485e-06
1,0,0.33836377
1,1,0.98977596
1,1,0.9734728
1,1,0.8303076
1,1,0.9373234
1,1,0.9846883
1,1,0.6201666
1,1,0.9684975
1,1,0.8374937
1,0,0.122723065
1,1,0.9191875
1,1,0.95613754
1,1,0.83576727
1,1,0.92788357
1,1,0.6497249
1,1,0.9234142
1,1,0.7949077
1,1,0.9895601
1,1,0.90925497
1,1,0.9773741
1,0,0.23921536
0,0,0.049485423
1,1,0.96470875
1,1,0.78043014
1,1,0.97486454
1,0,0.24334753
0,0,0.032279305
1,1,0.8742297
1,1,0.9842291
1,1,0.9861565
1,1,0.9533442
1,0,0.32414964
1,1,0.9749079
1,1,0.89377916
1,1,0.7729389
1,1,0.9882882
1,1,0.5919484
1,1,0.9941511
1,1,0.9817462
1,1,0.9641828
1,1,0.909447
0,0,0.00013748946
1,1,0.971592
1,1,0.99288625
1,0,0.2546573
1,1,0.9443584
1,1,0.92246944
1,1,0.99671346
1,1,0.67902315
1,1,0.7547688
1,1,0.9862146
0,0,1.8959807e-07
1,1,0.84848154
1,1,0.9744159
1,1,0.91593087
1,0,0.38336122
1,1,0.94804984
0,0,0.4553915
0,0,0.00037835163
1,0,0.29755998
1,1,0.6488127
1,1,0.91107583
1,1,0.94895625
1,1,0.8376033
1,1,0.96498144
1,1,0.82160527
1,1,0.92326504
1,1,0.9079518
1,0,0.23754573
1,1,0.92455333
1,1,0.9826539
0,0,0.001309683
1,1,0.6789935
1,1,0.94375825
1,1,0.9653006
1,1,0.5195373
1,1,0.53103155
1,1,0.998516
1,1,0.93334466
1,1,0.9733895
1,1,0.9729705
1,1,0.8378307
1,1,0.94522977
1,1,0.68126684
1,1,0.99041444
1,1,0.99048674
1,1,0.987708
1,1,0.7248297
1,1,0.83707803
1,1,0.81938696
1,1,0.8931503
1,1,0.8224043
1,1,0.7776581
1,1,0.8439334
1,1,0.9795089
1,1,0.90706563
1,1,0.83000964
1,1,0.95516765
1,1,0.98857427
0,0,0.10184476
1,1,0.8288633
1,1,0.7984965
1,1,0.98270506
1,1,0.68126684
1,1,0.7509739
1,0,0.44476637
1,1,0.9533832
1,0,0.28803602
0,0,0.066227406
1,1,0.99009866
1,1,0.72118485
1,0,0.12839992
1,1,0.9895872
1,1,0.906364
1,1,0.5907144
1,1,0.9716722
1,1,0.98919183
1,1,0.53325415
1,1,0.98239124
1,1,0.9460375
1,1,0.9745594
1,1,0.7381904
1,1,0.9124714
1,1,0.95195574
1,0,0.20838018
1,1,0.94018525
1,1,0.99832946
1,1,0.90244293
1,1,0.9269589
1,0,0.46914774
1,1,0.99008024
1,0,0.4943693
0,0,0.00070048816
1,1,0.965728
1,1,0.97958374
1,0,0.30300492
1,0,0.46552324
0,0,2.4589292e-07
1,1,0.9100007
0,0,4.4144426e-06
1,0,0.31294498
1,1,0.99528813
1,1,0.97830373
1,1,0.7407504
1,1,0.9087931
0,0,0.12800153
1,1,0.92156667
1,1,0.9985413
1,1,0.9892825
0,0,0.26540568
1,1,0.95508444
1,1,0.9887704
1,0,0.46897364
1,1,0.8211382
0,1,0.5849773
1,1,0.74985826
0,0,0.00024867305
1,1,0.9459465
1,0,0.3918964
1,1,0.90706563
1,0,0.30862543
1,1,0.89579934
1,1,0.98361105
1,1,0.84632146
1,0,0.3918551
1,1,0.9917579
1,1,0.5349352
1,1,0.99635315
1,1,0.88060373
0,0,0.429807
1,1,0.72848254
1,1,0.9220919
1,1,0.9868516
1,0,0.23565958
1,1,0.8746393
1,1,0.7220721
1,0,0.2546573
1,1,0.840324
1,1,0.5898952
1,1,0.89393294
1,1,0.970155
1,1,0.79332197
1,1,0.92800623
1,1,0.98162454
1,1,0.9907978
1,1,0.9832937
1,1,0.8802327
1,1,0.875901
1,1,0.90610546
1,1,0.93448883
1,1,0.92945516
1,1,0.98364085
1,1,0.7244033
1,1,0.9818974
1,1,0.7632828
1,1,0.98231024
1,1,0.9879978
1,1,0.90073794
1,1,0.9628022
0,0,0.24879931
1,1,0.7955131
1,1,0.9167074
1,0,0.0003861593
1,1,0.86852014
1,1,0.96470875
0,0,0.0006602357
1,0,0.4739597
1,1,0.944607
0,0,8.3765667e-07
1,1,0.960384
1,1,0.9402624
1,1,0.96516526
1,1,0.89149064
1,1,0.7458943
1,1,0.77166176
0,0,0.042420715
1,1,0.8914025
1,1,0.66344875
1,1,0.9770779
1,0,0.28180623
1,1,0.5593792
1,1,0.9932014
1,1,0.7802513
1,0,0.2797349
1,0,0.21453354
1,0,0.45079926
1,1,0.89901197
1,1,0.6730196
0,0,0.18224111
1,1,0.9959716
1,1,0.8066635
0,0,0.00018017877
0,0,5.357756e-06
1,1,0.9502633
1,1,0.8429827
1,0,0.3942614
1,1,0.5829492
1,0,0.4357883
0,0,2.0440077e-05
1,1,0.6237429
1,1,0.97498775
1,1,0.9269781
1,1,0.9966537
1,1,0.97406137
1,1,0.9191875
1,0,0.2755558
1,1,0.9748947
1,1,0.99456054
1,0,0.46161032
1,1,0.7887254
1,1,0.98326564
0,0,0.14786008
1,1,0.68758965
1,1,0.89042556
1,1,0.8772224
1,1,0.79332197
1,1,0.98040545
1,1,0.97528553
0,0,2.6859675e-07
1,1,0.9783906
1,1,0.8877753
1,1,0.9439655
1,1,0.8343533
1,1,0.9529165
1,1,0.98710144
1,1,0.98351955
1,1,0.780151
1,1,0.53103155
1,1,0.96395516
1,1,0.954589
1,1,0.9842576
1,1,0.9855823
1,1,0.97196
0,0,0.00017869627
1,1,0.59283334
1,1,0.9731283
1,0,0.13979912
1,1,0.98111415
1,0,0.32914865
1,1,0.9691201
1,1,0.9502633
0,0,0.00042723052
1,1,0.9746423
1,1,0.9871491
1,0,0.21065284
1,1,0.87661767
1,1,0.9775584
1,1,0.8000629
1,1,0.92300475
1,1,0.9985413
1,1,0.97611916
1,1,0.63489264
1,1,0.939774
1,1,0.6856406
1,1,0.9507002
1,1,0.84958035
1,1,0.7570393
1,1,0.988535
1,1,0.94254357
1,0,0.40391806
1,1,0.99204314
1,1,0.99055916
1,1,0.943501
1,1,0.99996835
0,0,0.002902516
1,1,0.9538164
0,0,0.37031296
1,1,0.74519944
1,1,0.9186973
1,1,0.93993604
1,0,0.06272732
1,1,0.98744196
1,1,0.90804017
1,0,0.47167084
1,1,0.80796266
1,1,0.9888759
1,1,0.93408465
0,0,0.39079726
1,1,0.92884797
1,1,0.94272673
1,1,0.6123908
1,1,0.9335431
1,0,0.49474594
1,1,0.57857865
1,1,0.97326833
1,1,0.66183376
1,1,0.9346308
1,1,0.98131526
1,0,0.3885754
1,0,0.3558698
1,1,0.95557266
1,1,0.9832937
1,1,0.96971065
1,1,0.99254465
1,0,0.48371744
1,1,0.9932014
1,1,0.9084515
1,1,0.7324442
1,1,0.54223704
1,1,0.69108564
1,1,0.9102544
0,0,0.21593964
1,1,0.52726114
1,1,0.9729705
1,1,0.96002895
1,1,0.72449803
1,1,0.96029365
1,1,0.90354854
1,1,0.9119423
1,0,0.41277826
1,1,0.91206574
1,0,0.31118444
1,1,0.860977
1,1,0.57247543
1,1,0.8473779
1,1,0.9227834
1,1,0.96685594
1,1,0.9217888
1,1,0.6802894
1,1,0.96564513
1,1,0.9498006
1,1,0.9867678
1,1,0.9836785
1,1,0.68577886
1,1,0.8810575
1,1,0.97956103
0,0,0.24853426
1,1,0.9728421
1,1,0.98118997
1,1,0.92082787
1,1,0.79534936
1,0,0.18167524
1,1,0.952294
1,1,0.9158202
1,1,0.6818535
1,1,0.86485714
1,1,0.9332001
1,1,0.9299181
1,0,0.31758472
1,0,0.1015318
1,1,0.6953525
1,1,0.98948073
1,1,0.9781372
1,0,0.43978143
1,1,0.9186942
1,1,0.9162282
1,0,0.24013662
1,1,0.71401244
1,1,0.9835499
1,1,0.9249037
0,0,0.070891745
1,1,0.56277287
1,1,0.9309492
1,1,0.91107583
1,1,0.99422246
0,0,1.0776579e-05
1,1,0.9469424
0,0,0.24244952
1,1,0.96029365
1,1,0.8174484
1,1,0.68577886
1,1,0.8077573
1,1,0.94729686
1,1,0.8651088
1,1,0.9881631
1,1,0.99450505
1,1,0.8675124
1,1,0.90229
1,1,0.89031214
1,1,0.88559496
1,1,0.9691201
1,0,0.49552175
1,1,0.9789853
1,1,0.9191875
1,1,0.97831535
1,0,0.4072531
1,1,0.82160527
1,1,0.98332626
1,1,0.8806908
1,1,0.99450505
1,1,0.96425575
1,1,0.99456054
1,0,0.26285884
1,1,0.9674341
1,1,0.94504493
1,1,0.98715764
1,1,0.8118497
1,1,0.95329183
1,1,0.97653645
1,1,0.993404
1,1,0.9093068
1,1,0.98221123
1,1,0.981117
1,1,0.5239793
1,1,0.9662217
1,1,0.97813725
0,0,0.0011792509
1,1,0.9729705
0,0,0.25501913
1,1,0.53603894
1,1,0.716597
1,1,0.96430904
1,1,0.9675405
1,1,0.9294283
1,1,0.98361105
1,1,0.9759043
0,0,0.002270274
1,1,0.6232143
1,1,0.98802614
0,1,0.5702408
1,0,0.40391806
1,0,0.24405184
1,1,0.97486454
1,1,0.90923864
1,1,0.92400765
1,1,0.9948667
1,1,0.9867678
1,1,0.9912677
1,1,0.8925265
1,0,0.27204722
1,1,0.94254357
1,1,0.6724636
1,1,0.9511055
1,1,0.9868289
1,0,0.40873528
1,1,0.9139461
1,1,0.9189974
1,0,0.48360494
1,1,0.59190273
1,1,0.97601956
1,1,0.99045664
1,1,0.85631245
1,1,0.7145138
1,1,0.6741805
1,1,0.9870468
1,0,0.48194557
1,1,0.8046969
1,1,0.96576387
1,1,0.9750187
1,1,0.9040923
1,1,0.8087882
1,0,0.32956126
1,0,0.45079926
1,0,0.30862543
0,0,0.0035631692
1,1,0.914662
1,1,0.97146255
1,1,0.9960752
1,1,0.98900294
1,1,0.53325415
1,0,0.18616067
0,0,5.720772e-05
1,1,0.97956103
1,1,0.6983374
0,0,0.28910244
1,0,0.3918964
1,1,0.98746353
1,1,0.99189883
1,1,0.969721
1,1,0.88525707
1,1,0.64526016
0,0,1.8582436e-07
1,1,0.9892825
1,1,0.94346005
1,1,0.6244699
1,0,0.2546573
1,0,0.41190672
0,0,0.0017088589
1,1,0.68406594
1,1,0.9180845
0,1,0.51754147
1,1,0.99095035
0,0,0.00014478505
1,1,0.8016455
1,1,0.7714232
1,0,0.47167084
1,1,0.97282636
1,0,0.2905469
1,1,0.91313905
0,0,4.814629e-05
1,1,0.780151
1,1,0.9191875
1,1,0.9440665
0,0,9.362101e-05
1,1,0.9613258
1,0,0.46131715
0,1,0.70107245
1,1,0.98857427
1,0,0.36183646
1,1,0.9845377
1,1,0.9412731
0,0,0.43380907
1,1,0.74463165
1,1,0.97461414
1,0,0.47724462
1,1,0.98688275
1,1,0.7094659
1,0,0.44548193
0,0,0.00019782211
1,1,0.8072229
0,0,0.00055875443
1,0,0.30300492
1,1,0.9636985
1,1,0.99274236
1,1,0.9868781
1,1,0.9872873
0,0,0.0025750594
1,1,0.95250523
1,1,0.72178483
1,1,0.96631086
1,0,0.4085103
1,1,0.9833487
1,1,0.6116493
0,0,0.13979912
1,1,0.8511166
1,1,0.95650786
1,1,0.9793064
1,1,0.6818535
1,1,0.99353844
1,1,0.76011
1,1,0.74739444
0,0,9.9835066e-05
0,0,0.00061291846
1,1,0.9867678
1,1,0.97530067
1,0,0.32414964
1,1,0.99285126
1,1,0.99996835
1,0,0.20416431
1,1,0.5948698
1,1,0.66107494
1,1,0.8016455
1,1,0.93847173
1,1,0.9498907
1,1,0.8802327
1,0,0.46760398
1,1,0.98379433
1,0,0.110761724
1,1,0.89353395
1,1,0.6717559
1,1,0.93233544
1,1,0.9899642
1,1,0.69108564
1,1,0.9552986
1,1,0.9879099
1,1,0.54518723
1,1,0.9653006
1,1,0.98814225
1,1,0.9833093
1,1,0.98231024
1,0,0.24270044
0,1,0.56813484
1,1,0.9566564
1,1,0.8914025
1,0,0.43175632
1,1,0.74985826
1,1,0.83120346
1,1,0.9111424
1,1,0.9917132
1,1,0.87014276
1,1,0.5531263
1,1,0.90610546
1,1,0.66344875
1,1,0.61714435
1,1,0.9742403
1,0,0.4739597
1,1,0.7997456
1,0,0.4007153
1,1,0.9227895
1,1,0.9246907
1,0,0.4840939
1,1,0.9948667
1,1,0.9917779
1,1,0.93701845
1,1,0.63998556
1,1,0.89713424
1,1,0.9723663
1,0,0.31118444
1,1,0.9234142
1,1,0.7976231
1,1,0.9490899
1,1,0.9547427
1,0,0.46236283
1,1,0.9234142
1,0,0.26285884
1,1,0.9854597
1,1,0.7808738
1,1,0.944871
1,1,0.90354854
1,1,0.97828966
1,1,0.90875536
1,1,0.5195373
1,1,0.6724636
1,1,0.86087084
1,0,0.4115739
1,1,0.8251145
1,1,0.95105165
1,1,0.68296903
1,1,0.99041444
1,1,0.99055916
1,1,0.9761864
1,1,0.9363291
1,1,0.9770256
1,1,0.9816013
1,1,0.9644475
1,1,0.9627094
1,1,0.9277737
1,1,0.93451554
1,1,0.8389239
1,1,0.9568249
1,1,0.9705761
0,0,0.00012783412
1,1,0.9485665
1,1,0.94254905
1,1,0.87602985
1,1,0.7469042
1,1,0.9985413
1,1,0.7085321
1,1,0.9948667
1,0,0.11435428
1,1,0.98684293
1,1,0.67902786
1,1,0.9733895
1,1,0.9620479
1,1,0.9921347
1,1,0.97831535
1,1,0.8502088
1,0,0.24651103
0,0,8.708221e-05
1,1,0.76011
1,1,0.96887475
1,1,0.998516
1,1,0.62618893
1,1,0.8907873
1,0,0.39041272
0,0,9.60738e-07
1,0,0.38319305
1,1,0.9329568
1,1,0.74330753
1,1,0.99764866
1,1,0.96844697
1,1,0.9912677
1,1,0.97425246
0,0,0.0007890937
1,1,0.69802
1,1,0.958597
1,1,0.83576727
1,1,0.98040545
1,1,0.991773
1,1,0.9045591
1,1,0.9718333
1,1,0.90258974
1,1,0.69810754
0,0,8.346013e-08
1,1,0.6918392
1,1,0.9813045
1,1,0.9795089
1,1,0.98688275
1,1,0.9910515
1,1,0.6843837
0,1,0.80671453
0,0,4.7529258e-07
1,1,0.69090825
1,1,0.9879556
1,1,0.6014496
1,1,0.8866095
1,0,0.01849539
1,1,0.95694906
1,1,0.92221785
1,1,0.99288625
0,1,0.6396925
1,1,0.6123908
1,1,0.9716722
1,1,0.6166901
1,1,0.98677945
1,1,0.733075
1,1,0.981027
1,1,0.97502345
1,1,0.90610546
1,0,0.37797868
1,1,0.9842448
1,1,0.86279804
1,1,0.98128986
1,0,0.43984026
1,1,0.7727847
1,1,0.98118997
1,1,0.89286274
1,1,0.9985413
1,1,0.75809085
1,1,0.96538454
1,1,0.9783906
1,1,0.9769123
1,1,0.58704996
1,1,0.9234142
1,1,0.8176537
1,1,0.54922915
1,1,0.8181359
1,1,0.98625034
1,0,0.48927575
1,1,0.9173447
1,1,0.9876285
1,1,0.7123584
1,1,0.9515568
1,0,0.39726242
1,1,0.96477515
1,0,0.47489825
0,0,2.9223352e-07
1,0,0.43915534
0,0,4.088445e-08
1,1,0.9622701
1,1,0.9464837
0,0,0.07587556
1,1,0.7217197
1,1,0.9725607
0,0,0.337098
1,1,0.9235141
1,1,0.61074346
1,1,0.7401049
1,1,0.97196
1,1,0.9547882
1,0,0.16206585
1,0,0.24334753
1,1,0.5195373
1,1,0.7445838
1,1,0.8819593
1,1,0.96671915
1,1,0.6541665
1,1,0.7381904
1,1,0.6328617
1,1,0.5823134
1,1,0.98165417
1,1,0.9409314
0,0,4.4652845e-07
1,1,0.98162454
1,1,0.9733895
1,1,0.9492531
1,1,0.91360414
1,1,0.9628709
1,1,0.93798727
1,1,0.8582447
1,1,0.59056413
1,0,0.390132
1,1,0.95018685
1,1,0.98033994
1,1,0.9839097
1,1,0.9855823
1,0,0.37797868
1,1,0.98090726
1,1,0.9774644
1,1,0.98942125
1,1,0.64565563
1,1,0.9498907
1,1,0.93215
0,0,0.2016393
1,0,0.15249687
1,1,0.9755538
1,1,0.93772125
1,1,0.5165707
1,1,0.9627094
1,1,0.98035675
1,1,0.96470875
0,0,0.30856428
1,1,0.63248533
1,1,0.7654488
1,1,0.98774225
1,1,0.73942393
1,1,0.9636965
1,1,0.97899777
1,1,0.91419
1,1,0.97910196
1,1,0.92167795
1,0,0.28330547
1,1,0.9675405
1,1,0.9638377
1,1,0.92731816
1,1,0.7883435
1,1,0.9869562
1,1,0.5246867
1,0,0.16600199
1,1,0.7891719
1,1,0.90244293
1,1,0.8261828
1,1,0.9794675
1,0,0.17644309
0,0,0.17027889
1,1,0.95691496
1,1,0.6987681
1,1,0.7974948
1,1,0.9588125
1,1,0.98039216
1,1,0.91309637
1,1,0.96564513
1,0,0.3081722
1,1,0.92549115
1,1,0.98646903
1,1,0.9323532
0,0,3.502743e-05
1,1,0.71987015
1,1,0.9263578
1,1,0.9823754
1,1,0.91611505
1,1,0.9852021
1,1,0.93444926
1,1,0.8419462
1,0,0.19718659
1,1,0.9879554
1,1,0.96953887
1,1,0.9712277
1,1,0.91321445
1,0,0.20136201
1,1,0.9837146
1,1,0.69387954
1,1,0.97917384
1,1,0.856023
1,1,0.98617053
1,1,0.9377255
1,1,0.98942125
1,1,0.9266724
1,1,0.8996312
1,1,0.9107241
1,1,0.98361105
1,0,0.3866608
1,1,0.9750187
1,1,0.842753
1,1,0.98331296
1,0,0.23565958
1,0,0.27769503
1,1,0.9357438
1,1,0.9591779
1,1,0.83924866
1,1,0.9144456
1,1,0.9912629
1,1,0.9313071
1,1,0.8520278
1,1,0.9770256
1,1,0.94254905
1,1,0.7909528
1,1,0.971818
1,1,0.97586346
1,1,0.6931073
1,1,0.8757642
1,1,0.9959716
1,1,0.91852576
1,0,0.3902931
1,1,0.955588
1,0,0.31294498
1,1,0.96831656
1,1,0.952294
1,1,0.68577886
1,1,0.80955404
1,1,0.79534936
1,1,0.7727847
1,1,0.909447
1,1,0.9723663
1,0,0.25107622
1,1,0.9094735
1,1,0.7793876
1,1,0.9885387
1,1,0.97831535
1,1,0.8361056
1,1,0.97086906
1,1,0.94018525
1,0,0.39041272
1,1,0.98197776
1,1,0.69810754
1,1,0.7279253
1,1,0.9066912
1,1,0.9733018
0,0,2.6427347e-07
1,0,0.3669352
1,1,0.6003213
1,1,0.92156667
1,1,0.980025
1,1,0.9613258
1,1,0.7725442
1,1,0.9956389
1,1,0.95465547
1,1,0.94593126
1,1,0.96208096
1,1,0.58704996
1,1,0.9813472
1,0,0.2801566
0,0,0.00059128104
0,0,0.40180594
1,1,0.7021402
1,1,0.9191875
1,1,0.9750623
1,0,0.4583752
1,1,0.7381904
1,1,0.965728
1,1,0.7727847
1,1,0.855283
1,1,0.9950844
1,1,0.99642247
0,1,0.5309782
1,0,0.48982581
1,1,0.9578873
1,1,0.856023
1,1,0.8772224
1,1,0.71401244
1,1,0.7255816
1,1,0.88060373
1,1,0.74504256
1,1,0.9901702
1,1,0.6622379
1,1,0.84608936
1,1,0.9752951
1,1,0.9746592
1,1,0.9520265
1,1,0.7984965
1,1,0.94358116
1,0,0.31758472
1,1,0.9822185
1,1,0.95548
1,0,0.41127804
1,0,0.18134056
1,1,0.80090505
1,1,0.9710795
1,1,0.965728
1,1,0.98664933
1,1,0.8994437
1,1,0.93563503
1,1,0.9800257
1,1,0.9773647
1,1,0.54518723
1,1,0.64662325
1,1,0.9377255
1,1,0.70370376
0,0,0.13409217
1,1,0.84333545
1,1,0.9603277
1,1,0.9975515
1,1,0.97678435
1,1,0.9201069
1,1,0.8819593
1,0,0.19124001
1,1,0.88583773
1,1,0.9295379
1,1,0.9413492
1,0,0.18390056
1,1,0.9950844
1,0,0.48194557
1,1,0.92698675
1,1,0.6540321
1,1,0.88797593
1,1,0.96230394
1,0,0.3081722
1,1,0.6968077
1,1,0.94111806
0,0,0.0046260194
1,0,0.2098076
1,1,0.9364325
1,0,0.40130928
0,0,0.042372786
1,1,0.9822778
1,1,0.9777929
1,0,0.24651103
1,1,0.6123908
1,1,0.9495285
1,0,0.23754573
1,0,0.47167084
1,1,0.92698675
1,0,0.21065284
1,1,0.84632146
1,1,0.98075604
1,0,0.24334753
1,1,0.9883409
1,1,0.6865567
1,1,0.9861565
1,1,0.9907487
0,0,0.2982035
1,1,0.9770256
1,1,0.98228145
1,1,0.9188504
1,1,0.9093068
1,1,0.81833714
1,1,0.96609366
1,1,0.9836029
1,1,0.90996975
1,1,0.94409895
1,1,0.9791252
1,1,0.9309406
0,1,0.8006481
1,1,0.8376033
1,1,0.84770143
1,1,0.9674341
1,1,0.94889706
0,0,4.2422264e-05
1,1,0.86790764
1,1,0.965728
1,0,0.43929055
1,1,0.9388948
1,1,0.9888355
1,1,0.71575654
1,1,0.980483
1,1,0.9746592
1,1,0.80363876
1,1,0.96430904
0,0,0.0005070877
1,1,0.97685355
1,1,0.874301
1,0,0.23754573
1,1,0.95503324
1,1,0.99695206
0,0,0.39485604
1,1,0.9568249
1,0,0.48700336
1,1,0.60394484
1,1,0.9455674
1,1,0.92156667
1,1,0.9082079
1,1,0.9948667
1,1,0.94254357
1,1,0.9870237
1,1,0.9748118
1,1,0.8526506
1,0,0.28933194
1,1,0.95414716
0,0,0.008704535
1,1,0.7593331
1,1,0.90466326
1,1,0.5919484
1,1,0.7232031
1,1,0.9882278
1,1,0.99635315
1,1,0.97486454
1,1,0.9414515
1,1,0.94229054
1,1,0.9615425
1,1,0.99095035
1,1,0.8576476
1,1,0.75843316
1,1,0.97620994
1,1,0.6144847
1,1,0.9797257
1,1,0.8140142
1,1,0.9678699
1,1,0.8255409
1,1,0.9627094
0,0,0.4204472
1,1,0.9321508
1,1,0.9268619
1,1,0.99002856
1,1,0.96425575
1,1,0.7094659
1,1,0.68577886
1,1,0.6497249
1,1,0.80687416
1,1,0.9393675
1,1,0.93317944
1,0,0.12839992
1,0,0.44990277
1,1,0.9476652
1,1,0.94111806
0,0,8.749574e-05
1,1,0.98128986
1,1,0.9675405
1,1,0.8777363
1,1,0.9235141
1,1,0.98415047
1,1,0.9645324
1,1,0.9478748
1,1,0.9459939
1,1,0.94009537
0,0,0.10560102
1,1,0.8205857
1,1,0.616942
1,0,0.45079926
1,0,0.36183646
1,1,0.8205857
1,1,0.5853986
1,1,0.9491008
1,1,0.97521573
1,1,0.9840583
0,0,8.935275e-05
1,1,0.95577216
1,1,0.8261345
1,1,0.9738332
1,1,0.834758
1,1,0.8837719
1,1,0.77349865
1,1,0.94516486
1,1,0.9256201
1,1,0.97736824
1,1,0.9640108
1,1,0.9723955
0,0,0.35472608
1,1,0.97783214
1,1,0.94949096
0,0,1.9888589e-07
1,1,0.88695663
1,1,0.92698675
1,1,0.9826539
1,1,0.7959253
1,1,0.96970975
1,0,0.20838018
0,0,2.0209625e-06
0,0,0.00010682582
1,1,0.97386765
1,1,0.9885059
1,1,0.90494716
1,1,0.86078155
1,1,0.6033108
0,0,0.4284633
1,1,0.9892825
1,1,0.9400607
1,1,0.82736945
1,1,0.71299016
1,1,0.98650366
1,1,0.98521304
1,1,0.9732164
1,1,0.90581053
1,1,0.9002364
1,1,0.96053386
0,0,6.303679e-05
1,1,0.9926937
1,1,0.96831656
1,1,0.7509739
1,1,0.57247543
1,0,0.45385203
1,1,0.84632146
1,1,0.92040706
1,1,0.8367165
1,1,0.9317172
1,1,0.6684767
1,1,0.59283334
0,0,0.00014855705
1,1,0.98746824
1,0,0.44548193
0,0,0.00028772373
1,0,0.39804235
1,1,0.93500847
1,1,0.97657514
1,1,0.9800656
1,1,0.93741286
1,1,0.7790294
1,1,0.99009866
0,1,0.5351784
1,1,0.9493
1,1,0.923212
1,0,0.36805466
1,1,0.94009537
1,1,0.9245406
1,1,0.94022715
1,1,0.63910985
1,1,0.8240827
1,0,0.32000536
1,1,0.9147104
1,1,0.72178483
1,1,0.98032874
1,1,0.9376593
1,1,0.8692076
1,1,0.9407147
1,1,0.98351955
1,1,0.82309073
0,0,0.0017826766
1,1,0.9443394
1,1,0.9680655
1,1,0.7234267
1,1,0.95250523
1,0,0.498062
1,1,0.93622226
1,1,0.9868781
1,1,0.73466283
1,1,0.80206245
1,0,0.46566448
1,1,0.965728
1,1,0.8698479
1,1,0.97246546
1,1,0.68406594
1,1,0.82851636
1,1,0.99635315
1,1,0.95178103
1,1,0.94899607
1,0,0.4583805
0,1,0.509548
1,1,0.5351784
1,1,0.9528074
1,1,0.96342635
1,1,0.98963106
1,1,0.98406506
1,1,0.98118997
1,1,0.7621023
1,1,0.9858749
1,1,0.9773537
1,1,0.87156504
1,1,0.5469666
1,1,0.96631086
0,0,0.00020684784
1,1,0.88294166
1,1,0.99695206
0,1,0.860875
1,1,0.9406881
1,1,0.9897441
1,1,0.9894326
1,1,0.88294166
1,1,0.9963031
1,1,0.9885059
1,1,0.9116264
1,1,0.89377916
1,0,0.31256586
1,1,0.9162282
1,1,0.89713424
1,1,0.8666207
1,1,0.93402606
1,1,0.95263076
1,1,0.69802
1,1,0.78466713
1,1,0.9875095
1,1,0.5308742
1,1,0.5823134
1,1,0.93451554
1,1,0.99555755
1,1,0.8860422
1,1,0.767636
1,1,0.98332626
1,1,0.92549115
1,1,0.9609884
1,1,0.9846862
1,1,0.9717574
1,1,0.92376494
1,1,0.93553054
1,1,0.97409636
1,1,0.98270506
1,1,0.97960895
1,1,0.9675405
1,1,0.83044446
1,1,0.8746393
1,1,0.9675013
1,1,0.99289364
1,1,0.9644651
1,1,0.9797505
1,1,0.96576387
1,1,0.7974948
1,1,0.9808995
1,1,0.9018077
1,1,0.9905008
0,1,0.51435536
1,1,0.9744159
1,1,0.9180845
1,1,0.9438594
1,1,0.7159013
1,0,0.37265372
1,1,0.79332197
0,0,3.7141822e-06
1,1,0.54518723
1,1,0.5096042
1,0,0.22444728
1,1,0.8389239
1,1,0.767636
1,1,0.99002856
1,1,0.5907144
1,1,0.5214667
1,1,0.98543614
1,0,0.48927575
1,1,0.95050216
1,1,0.8905529
1,1,0.97406507
1,0,0.31758472
1,1,0.87174404
1,0,0.41922346
1,1,0.9957705
1,0,0.41434678
1,1,0.97783214
1,1,0.8410208
1,0,0.32380345
1,1,0.74100596
1,1,0.7509725
1,1,0.9752601
1,1,0.97982496
1,1,0.9770779
1,0,0.4284633
0,0,2.2553903e-07
1,1,0.72057515
1,1,0.95650786
1,1,0.5421544
1,1,0.988107
1,1,0.95120543
1,1,0.96642023
1,1,0.7220721
1,1,0.95250523
1,1,0.9401214
0,1,0.50745374
1,1,0.9640108
1,1,0.57404935
1,1,0.9709723
0,0,0.29196727
1,1,0.9278424
1,1,0.9781009
1,1,0.9705761
0,0,0.0028198748
1,1,0.71672505
1,1,0.8262701
0,0,0.47948188
1,1,0.98361105
1,1,0.64690316
1,1,0.54046875
1,1,0.9278424
1,0,0.3081722
1,1,0.9868781
1,1,0.93334466
1,1,0.8860444
1,0,0.36394086
1,1,0.9839439
1,1,0.9492531
1,1,0.92023414
1,1,0.82790214
1,1,0.95376503
1,1,0.93526703
1,1,0.96747863
1,1,0.9906273
1,1,0.97738296
1,1,0.9473668
1,1,0.97437656
1,1,0.96619916
1,1,0.8251145
1,1,0.9645574
1,1,0.92300475
1,1,0.9826539
1,1,0.93313885
1,1,0.9591642
0,0,8.975788e-05
1,1,0.8096691
1,1,0.91645724
1,1,0.98506856
1,1,0.56277287
1,1,0.98507893
1,1,0.8785045
1,0,0.390132
1,0,0.3669352
1,1,0.97624177
1,1,0.701849
1,1,0.9826539
1,0,0.48194557
1,1,0.8837891
1,1,0.84632146
1,1,0.988146
1,1,0.8410208
1,1,0.97410643
0,0,0.46290162
1,1,0.9856896
1,1,0.7177603
1,1,0.866365
1,1,0.97319376
0,0,0.0001571095
1,1,0.9907911
1,1,0.97066945
1,1,0.93527293
1,1,0.88580525
1,1,0.94470966
1,1,0.9084515
1,1,0.9082079
1,0,0.31187585
1,1,0.5425742
1,1,0.9355281
1,1,0.7351239
1,1,0.85983884
1,1,0.9084515
1,1,0.9909515
1,1,0.9457838
1,1,0.8882986
1,1,0.9414515
1,1,0.86766934
1,1,0.9187704
1,1,0.9547882
1,0,0.49552175
1,1,0.9258661
1,1,0.89901197
1,1,0.98978716
0,0,1.9819574e-07
1,1,0.56746256
1,1,0.9959716
1,0,0.3918551
1,1,0.5907144
1,1,0.56943285
1,1,0.83415484
1,1,0.7714232
1,1,0.980025
1,1,0.90590626
1,0,0.4497222
1,1,0.97406507
1,0,0.24013662
1,1,0.56943285
1,1,0.6490415
1,1,0.98986644
1,1,0.9642776
1,0,0.42095286
1,1,0.50696206
1,1,0.98715764
1,1,0.9723663
1,1,0.944871
1,1,0.9547882
1,1,0.94346005
1,1,0.97850496
1,1,0.87550485
1,1,0.65054405
1,1,0.8095454
1,1,0.9788082
1,1,0.976989
1,1,0.74996924
1,1,0.9855785
1,1,0.9855823
1,0,0.31118444
1,0,0.48781553
1,1,0.9738332
1,0,0.3558698
1,1,0.98617053
1,0,0.4716208
1,1,0.9139461
1,1,0.8118497
1,1,0.9900179
0,1,0.7160615
1,1,0.9476652
1,1,0.89198756
1,1,0.8610903
1,1,0.90581053
1,1,0.8080125
1,1,0.9102388
1,1,0.97194153
1,1,0.9281308
1,1,0.6195581
1,1,0.81372446
1,1,0.95557266
1,1,0.9789674
1,1,0.97876805
1,1,0.87203586
1,1,0.9721486
1,0,0.13979912
1,1,0.9731164
1,1,0.9497345
1,1,0.99450505
1,1,0.6003213
1,1,0.8607619
0,1,0.78843546
0,0,1.3085211e-06
1,1,0.62496674
1,1,0.9547882
1,1,0.99026597
1,1,0.5231161
1,1,0.9889712
1,1,0.8925905
1,1,0.9961436
1,1,0.98392713
1,1,0.8200659
1,1,0.9315744
1,1,0.5525477
1,1,0.6129861
1,1,0.80975664
0,1,0.6186407
0,0,3.6632272e-07
1,1,0.9669226
1,1,0.97901136
1,1,0.84215045
1,1,0.80687416
1,1,0.98231024
1,1,0.7953061
0,0,0.32317957
1,1,0.98221123
1,1,0.8262701
1,1,0.977307
1,1,0.5919484
1,1,0.86852014
1,1,0.98711616
1,1,0.566526
1,1,0.7248297
1,0,0.2665398
1,1,0.8059679
1,1,0.74692386
1,1,0.9610578
1,1,0.9438594
1,1,0.969175
1,1,0.9665871
1,1,0.75843316
1,1,0.7948779
1,1,0.9800679
1,1,0.6843837
1,1,0.956513
1,1,0.9443336
1,1,0.9417722
1,1,0.9790711
1,1,0.9629011
1,1,0.8285973
1,1,0.8723539
1,1,0.77847207
1,1,0.5611415
1,1,0.79445666
1,0,0.118123874
1,0,0.49372777
1,1,0.9555355
1,1,0.5418804
1,1,0.92500174
1,1,0.8904413
1,1,0.9854597
1,1,0.96876025
1,0,0.48360494
1,1,0.97831535
1,1,0.89056337
1,1,0.9691201
1,1,0.9679108
1,1,0.98770654
1,1,0.9228585
1,0,0.47489825
1,1,0.9117562
1,1,0.8690258
1,1,0.91072804
1,1,0.82309073
1,1,0.9752951
1,0,0.47758737
1,1,0.93603915
1,1,0.97518325
1,1,0.52103233
1,1,0.7448533
0,0,0.05694118
1,1,0.92156667
1,0,0.43221578
1,0,0.47299042
1,1,0.91072804
1,0,0.20594963
1,1,0.7941049
1,1,0.8873209
1,1,0.84632146
1,1,0.7148828
1,1,0.98948073
1,1,0.8837719
1,1,0.94257873
1,1,0.70520777
1,1,0.8983869
1,1,0.917707
1,0,0.46063936
1,1,0.7448533
0,0,4.412725e-06
1,1,0.5138647
1,0,0.2755558
1,1,0.9945571
1,1,0.7802513
1,1,0.97956103
1,1,0.98746824
1,1,0.99009866
1,1,0.8094564
1,1,0.9953905
1,1,0.8569329
1,1,0.96564513
1,1,0.9474485
1,1,0.5823134
1,1,0.9885059
1,1,0.91847134
1,1,0.8925555
1,1,0.6888096
1,0,0.3909072
1,1,0.91150737
1,1,0.6968077
1,1,0.9455674
1,1,0.9820468
1,1,0.9835557
1,1,0.97850496
1,1,0.9936487
1,1,0.98033994
1,1,0.9959716
1,1,0.9846862
1,1,0.9271989
1,1,0.92814285
1,0,0.110761724
1,1,0.9175826
1,1,0.9814622
1,1,0.5349352
1,1,0.9748118
1,1,0.9561832
1,1,0.6328617
1,1,0.9483783
1,1,0.86692226
1,1,0.98415047
0,0,3.747867e-07
1,1,0.99204314
1,1,0.95270854
1,1,0.9835499
1,1,0.9217888
1,1,0.9348023
1,1,0.661885
1,1,0.9733018
0,0,0.19782941
1,1,0.9541939
0,0,3.4942929e-07
1,1,0.95250887
1,1,0.9498907
1,1,0.91695476
1,1,0.9876535
1,1,0.7859559
1,0,0.452838
1,1,0.8181359
1,1,0.8426982
1,1,0.9473668
1,1,0.9134859
1,1,0.6317714
1,1,0.6931073
1,1,0.8374937
1,1,0.88706505
1,1,0.5776331
1,1,0.941114
0,0,0.18346138
1,0,0.3748427
1,0,0.2147604
1,1,0.85114706
1,1,0.98948795
1,1,0.92731816
0,0,0.00013251891
1,1,0.71686983
1,1,0.9966537
1,1,0.9825402
1,1,0.99695206
1,1,0.98549235
1,1,0.80927265
1,1,0.9752601
1,0,0.4107361
1,1,0.96044177
1,1,0.83155096
1,1,0.67836523
1,1,0.9520823
0,0,0.0005319098
1,1,0.97576386
1,1,0.9985413
1,1,0.7984443
0,0,0.0010283677
1,1,0.9498006
1,1,0.8605658
1,1,0.99274236
1,1,0.83384204
1,1,0.9270189
1,1,0.99415046
1,1,0.8607689
1,1,0.90610546
1,1,0.83044446
1,1,0.9755873
1,1,0.98387486
1,0,0.14446415
1,1,0.95272446
1,1,0.968083
1,1,0.92485505
1,1,0.9087651
1,1,0.9608099
1,1,0.98282206
1,1,0.9457838
1,1,0.8205857
1,1,0.58667576
1,1,0.837274
1,1,0.9439616
1,1,0.9748118
1,1,0.5907144
